trade_id,action,datetime_ist,instrument,strike,expiry,option_type,lots,lot_size,premium,total_value,friction_cost,reason,sentiment_score,nifty_spot,india_vix,realized_pnl
1,BUY,2026-07-17 09:15,NIFTY 24050 PE 21-Jul-2026,24050,2026-07-21,put,1,75,116.65,8848.75,229.0,"score -2: GIFT 24066 vs prev close 24072.75 -0.03% (0); S&P500 -0.51% (-1); FII -736Cr 16Jul (0); news mixed - chip selloff/Alphabet AI delay, crude ~$85 Mideast tension (0); PCR 0.7769 <0.8 (-1). VIX 12.88<=16: naked ATM put, next weekly 2026-07-21, gap -0.03% passes gap-chase",-2,24066.0,12.88,0
1,EXIT,2026-07-17 09:22,NIFTY,24050,2026-07-21,put,1,75,72.93,5287.79,100,monitor: stop -35%,,24185.75,13.0225,-3560.96
2,BUY,2026-07-20 09:15,NIFTY 24200 PE 28-Jul-2026,24200,2026-07-28,put,1,75,180.72,13654.0,300.25,"score -2: GIFT 24300.5 vs prev close 24334.30 -0.14% (0); S&P500 -1.01% (-1); FII -376Cr 17Jul (0); PCR 1.03 (0); news clearly negative - US-Iran escalation (Kuwait oil facility + Strait of Hormuz strikes), Brent +4% >$90, risk-off (-1). VIX 13.15<=16: naked ATM put; 21-Jul weekly is tomorrow so used next weekly 2026-07-28; open gap -0.59% < 0.9% passes gap-chase",-2,24191.65,13.15,0
2,EXIT,2026-07-20 15:21,NIFTY,24200,2026-07-28,put,1,75,154.71,11329.25,100,monitor: eod exit (intraday mode),,24237.45,12.985,-2324.75
3,BUY,2026-07-21 09:15,NIFTY 24200 PE 28-Jul-2026,24200,2026-07-28,put,1,75,162.73,12204.75,280.0,"score -2: GIFT ~24153 vs prev close 24238.50 -0.35% (-1); S&P500 20-Jul close -0.28% (0); FII -376Cr (0); PCR 1.03 (0); news negative - US-Iran strikes continue Brent ~$88 elevated 2nd gap-down risk-off (-1). VIX 12.9<=16: naked ATM put; 21-Jul is expiry today so used next weekly 2026-07-28; open gap -0.16% < 0.9% passes gap-chase",-2,24200.0,12.9,0
3,EXIT,2026-07-21 18:34,NIFTY,24200,2026-07-28,put,1,75,162.22,11884.0,100,eod exit,,24187.7,12.6,-420.75
4,BUY,2026-07-23 09:15,NIFTY 23900 PE 28-Jul-2026,23900,2026-07-28,put,1,75,153.6,11620.0,270.25,"score -2: GIFT 23868.5 vs prev close 23996.25 -0.53% (-1); S&P500 22-Jul -0.13% (0); FII -656.88Cr 22-Jul (0); PCR ~1.03 (0); news clearly negative - Brent ~$94-95 near 5-wk high (US-Iran conflict/Red Sea), persistent FII selling, weak rupee, NIFTY 3rd straight down day below 24000 (-1). VIX 13.29<=16: naked ATM put 1 lot; next weekly 2026-07-28 (Tue, 5d); modeled open 23876.35 (prev close -0.50% per GIFT); strike 23900; open gap -0.50% < 0.9% passes gap-chase",-2,23876.35,13.29,0
4,EXIT,2026-07-23 15:20,NIFTY,23900,2026-07-28,put,1,75,157.13,11507.86,100,monitor: eod exit (intraday mode),,23867.85,13.415,-112.14
5,BUY,2026-07-24 09:15,NIFTY 23650 PE 28-Jul-2026,23650,2026-07-28,put,1,75,118.71,9003.25,231.25,"score -4: GIFT 23671 vs prev close 23869.60 -0.85% (-1); S&P500 23-Jul -1.21% (-1); FII -2999.23Cr 23-Jul provisional (-1); news clearly negative - Brent >$100 (+7%), Red Sea tanker attacks, Asia KOSPI -4%/Nikkei -3%, risk-off (-1); PCR ~1.03 (0). VIX 13.48<=16: naked ATM put 1 lot; next weekly 28-Jul (4d); modeled open 23670 strike 23650; gap -0.85%<0.9% passes gap-chase; intraday mode - monitor EOD-exits today",-4,23670.0,13.48,-6418.60
